{"cameraMode":{"drawMode":0,"name":"Shaded","section":"Shading Mode"},"sceneLighting":false,"audioPlay":false,"sceneViewState":{"showFog":true,"showMaterialUpdate":true,"showSkybox":true,"showFlares":true,"showImageEffects":true,"showParticleSystems":true},"in2DMode":false,"pivot":{"x":79.80647277832031,"y":69.91081237792969,"z":117.84486389160156},"rotation":{"x":-0.18933235108852387,"y":0.6894972920417786,"z":-0.19439925253391267,"w":-0.671532392501831},"size":12.45882511138916,"orthographic":false}